1	https://www.facebook.com/kot9ipa?ref=br_rs
2	https://www.facebook.com/artamonova?ref=br_rs
3	https://www.facebook.com/gornal?ref=br_rs
4	https://www.facebook.com/grishin?ref=br_rs
5	https://www.facebook.com/jvetrau?ref=br_rs
6	https://www.facebook.com/asya.repreva.1?ref=br_rs
7	https://www.facebook.com/filatova.og?ref=br_rs
8	https://www.facebook.com/profile.php?id=100015515683372&ref=br_rs
9	https://www.facebook.com/pridumshik?ref=br_rs
10	https://www.facebook.com/natasha.bogdanovich.10?ref=br_rs
11	https://www.facebook.com/zhbanova.anastasia?ref=br_rs
12	https://www.facebook.com/sidorova.olga?ref=br_rs
13	https://www.facebook.com/lobushkin?ref=br_rs
14	https://www.facebook.com/freezeburn?ref=br_rs
15	https://www.facebook.com/ka.sukhanova?ref=br_rs
16	https://www.facebook.com/ilona.barkalaya.3?ref=br_rs
17	https://www.facebook.com/amokanet?ref=br_rs
18	https://www.facebook.com/olga.demidova.969?ref=br_rs
19	https://www.facebook.com/alina.sahnenko?ref=br_rs
20	https://www.facebook.com/katerina.eroshenko?ref=br_rs
21	https://www.facebook.com/anjarden?ref=br_rs
22	https://www.facebook.com/s.karacharova?ref=br_rs
23	https://www.facebook.com/bykoianko?ref=br_rs
24	https://www.facebook.com/platoshka?ref=br_rs
25	https://www.facebook.com/profile.php?id=100002305220932&ref=br_rs
26	https://www.facebook.com/profile.php?id=100001161061795&ref=br_rs
27	https://www.facebook.com/anna.feoktistova.3?ref=br_rs
28	https://www.facebook.com/olesya.kukoleva?ref=br_rs
29	https://www.facebook.com/profile.php?id=100002181164313&ref=br_rs
30	https://www.facebook.com/d.pushkarskaya.pr?ref=br_rs
31	https://www.facebook.com/elena.koroteyeva?ref=br_rs
32	https://www.facebook.com/ek.nilova?ref=br_rs
33	https://www.facebook.com/mkiselyov?ref=br_rs
34	https://www.facebook.com/madina.pr?ref=br_rs
35	https://www.facebook.com/profile.php?id=100000796507298&ref=br_rs
36	https://www.facebook.com/luba.shokina?ref=br_rs
37	https://www.facebook.com/e.kistaev?ref=br_rs
38	https://www.facebook.com/dochkabalbeska?ref=br_rs
39	https://www.facebook.com/profile.php?id=100000494259177&ref=br_rs
40	https://www.facebook.com/profile.php?id=100001827790488&ref=br_rs
41	https://www.facebook.com/dryab?ref=br_rs
42	https://www.facebook.com/daria.buyanova?ref=br_rs
43	https://www.facebook.com/elena.gushchina.3?ref=br_rs
44	https://www.facebook.com/eduard.utukin?ref=br_rs
45	https://www.facebook.com/da.daria.volkova?ref=br_rs
46	https://www.facebook.com/sergey.magidovich?ref=br_rs
47	https://www.facebook.com/nbogoroditskaya?ref=br_rs
48	https://www.facebook.com/dmitry.roslyakov?ref=br_rs
49	https://www.facebook.com/anastasia.kouklina?ref=br_rs
50	https://www.facebook.com/natalia.shatrova.7?ref=br_rs
51	https://www.facebook.com/profile.php?id=100001908111434&ref=br_rs
52	https://www.facebook.com/matsaniouk.oleg?ref=br_rs
53	https://www.facebook.com/oanoff?ref=br_rs
54	https://www.facebook.com/julia.sirota.5?ref=br_rs
55	https://www.facebook.com/kira.grichanina?ref=br_rs
56	https://www.facebook.com/alexander.karmaev.1?ref=br_rs
57	https://www.facebook.com/maxim.zenin?ref=br_rs
58	https://www.facebook.com/tima.los?ref=br_rs
59	https://www.facebook.com/marina.malyar?ref=br_rs
60	https://www.facebook.com/elena.yakupova.5?ref=br_rs
61	https://www.facebook.com/konev.marshal?ref=br_rs
62	https://www.facebook.com/prilutskiy.sergey?ref=br_rs
63	https://www.facebook.com/egor.savchuk?ref=br_rs
64	https://www.facebook.com/profile.php?id=100007851185528&ref=br_rs
65	https://www.facebook.com/pavel.rybin?ref=br_rs
66	https://www.facebook.com/m.s.dyakova?ref=br_rs
67	https://www.facebook.com/troyslit?ref=br_rs
68	https://www.facebook.com/mariya.sidorova.3?ref=br_rs
69	https://www.facebook.com/labunskaya?ref=br_rs
70	https://www.facebook.com/profile.php?id=100001684172637&ref=br_rs
71	https://www.facebook.com/ollefirenko?ref=br_rs
72	https://www.facebook.com/profile.php?id=100000088388298&ref=br_rs
73	https://www.facebook.com/daycoder?ref=br_rs
74	https://www.facebook.com/krasavina.varvara?ref=br_rs
75	https://www.facebook.com/apolinariandropulosfeodosii.andronnikovpopadopulos?ref=br_rs
76	https://www.facebook.com/ekaterina.cherkasova1?ref=br_rs
77	https://www.facebook.com/victor.surkov?ref=br_rs
78	https://www.facebook.com/syulevskaya?ref=br_rs
79	https://www.facebook.com/marina.goncharova.gonia?ref=br_rs
80	https://www.facebook.com/profile.php?id=100001161061795&ref=br_rs
81	https://www.facebook.com/profile.php?id=100002305220932&ref=br_rs
82	https://www.facebook.com/Ms.Lycosa?ref=br_rs
83	https://www.facebook.com/anna.kostromitina?ref=br_rs
84	https://www.facebook.com/valery.danilova.7?ref=br_rs
85	https://www.facebook.com/lennhenn?ref=br_rs
86	https://www.facebook.com/profile.php?id=100009331048012&ref=br_rs
87	https://www.facebook.com/julilebed?ref=br_rs
88	https://www.facebook.com/evg.kh.3?ref=br_rs
89	https://www.facebook.com/bogdana.serebriyan?ref=br_rs
90	https://www.facebook.com/natalie.nesterova?ref=br_rs
91	https://www.facebook.com/Skommy?ref=br_rs
92	https://www.facebook.com/dkirnotsenskiy?ref=br_rs
93	https://www.facebook.com/avleonov?ref=br_rs
94	https://www.facebook.com/kondrysheva.elena?ref=br_rs
95	https://www.facebook.com/ekaterina.yatsenko.9?ref=br_rs
96	https://www.facebook.com/firulik?ref=br_rs
97	https://www.facebook.com/vladmoe?ref=br_rs
98	https://www.facebook.com/prkljushina?ref=br_rs
99	https://www.facebook.com/slyovin?ref=br_rs
100	https://www.facebook.com/slavik.nesterov.75?ref=br_rs
101	https://www.facebook.com/linara.lystseva?ref=br_rs
102	https://www.facebook.com/v.koloman?ref=br_rs
103	https://www.facebook.com/profile.php?id=100009479826265&ref=br_rs
104	https://www.facebook.com/tkacheva.katya?ref=br_rs
105	https://www.facebook.com/stupnikov.stanislav?ref=br_rs
106	https://www.facebook.com/profile.php?id=100005585461382&ref=br_rs
107	https://www.facebook.com/peysahzon?ref=br_rs
108	https://www.facebook.com/alexander.shishenin?ref=br_rs
109	https://www.facebook.com/profile.php?id=100009448391739&ref=br_rs
110	https://www.facebook.com/arina.rytchenkov?ref=br_rs
111	https://www.facebook.com/snegofeya?ref=br_rs
112	https://www.facebook.com/ganinvsegor?ref=br_rs
113	https://www.facebook.com/karina.konkova?ref=br_rs
114	https://www.facebook.com/danilovanton?ref=br_rs
115	https://www.facebook.com/dianakondra?ref=br_rs
116	https://www.facebook.com/aksenov.s.e?ref=br_rs
117	https://www.facebook.com/elena.a.aksenova?ref=br_rs
118	https://www.facebook.com/irina.zlatovratskaya?ref=br_rs
119	https://www.facebook.com/vadim.rumyantsev.79?ref=br_rs
120	https://www.facebook.com/profile.php?id=100009180525581&ref=br_rs
121	https://www.facebook.com/sinicinvg?ref=br_rs
122	https://www.facebook.com/varnavsky?ref=br_rs
123	https://www.facebook.com/maria.styazhkina.5?ref=br_rs
124	https://www.facebook.com/profile.php?id=100011389929536&ref=br_rs
125	https://www.facebook.com/vmaguryan?ref=br_rs
126	https://www.facebook.com/olya.kuritsyna?ref=br_rs
127	https://www.facebook.com/sergeev.aleksey?ref=br_rs
128	https://www.facebook.com/natasha.kirushina?ref=br_rs
129	https://www.facebook.com/profile.php?id=100001120961154&ref=br_rs
130	https://www.facebook.com/dkutepov?ref=br_rs
131	https://www.facebook.com/olga.v.boyko?ref=br_rs
132	https://www.facebook.com/V1TALY?ref=br_rs
133	https://www.facebook.com/asya.ponomareva.5?ref=br_rs
134	https://www.facebook.com/eyakovenko?ref=br_rs
135	https://www.facebook.com/anatoly.rozhkov?ref=br_rs
136	https://www.facebook.com/katya.trofimova?ref=br_rs
137	https://www.facebook.com/elijah.pancaker?ref=br_rs
138	https://www.facebook.com/rizhayalel?ref=br_rs
139	https://www.facebook.com/profile.php?id=100006744589050&ref=br_rs
140	https://www.facebook.com/sergey.ermilov?ref=br_rs
141	https://www.facebook.com/zmij.r?ref=br_rs
142	https://www.facebook.com/sergey.eybog?ref=br_rs
143	https://www.facebook.com/olga.frolova.9693001?ref=br_rs
144	https://www.facebook.com/inozharskaya?ref=br_rs
145	https://www.facebook.com/maxijazzz?ref=br_rs
146	https://www.facebook.com/profile.php?id=100005456563357&ref=br_rs
147	https://www.facebook.com/profile.php?id=100000305497574&ref=br_rs
148	https://www.facebook.com/d.baydakova?ref=br_rs
149	https://www.facebook.com/khlomova?ref=br_rs
150	https://www.facebook.com/anastasiya.kiseleva.336?ref=br_rs
151	https://www.facebook.com/mamedov1979?ref=br_rs
152	https://www.facebook.com/victor.bunyak?ref=br_rs
153	https://www.facebook.com/kozhemyako.a?ref=br_rs
154	https://www.facebook.com/profile.php?id=100008610960546&ref=br_rs
155	https://www.facebook.com/olya.golovanova?ref=br_rs
156	https://www.facebook.com/okokawa?ref=br_rs
157	https://www.facebook.com/ivan.fedyanin?ref=br_rs
158	https://www.facebook.com/staroverova?ref=br_rs
159	https://www.facebook.com/violetta.smirnova.71?ref=br_rs
160	https://www.facebook.com/profile.php?id=100000846662239&ref=br_rs
161	https://www.facebook.com/amilevskiy?ref=br_rs
162	https://www.facebook.com/andrei.gajos?ref=br_rs
163	https://www.facebook.com/victoria.zaychenko?ref=br_rs
164	https://www.facebook.com/alexey.melnikoff?ref=br_rs
165	https://www.facebook.com/andrey.kalinin.370?ref=br_rs
166	https://www.facebook.com/svetlana.torikova?ref=br_rs
167	https://www.facebook.com/yliya.volkova?ref=br_rs
168	https://www.facebook.com/profile.php?id=100007445868751&ref=br_rs
169	https://www.facebook.com/jbenua?ref=br_rs
170	https://www.facebook.com/slava.prokh?ref=br_rs
171	https://www.facebook.com/kurilov?ref=br_rs
172	https://www.facebook.com/m.sustcheva?ref=br_rs
173	https://www.facebook.com/andrey.belov.184?ref=br_rs
174	https://www.facebook.com/profile.php?id=100008415310899&ref=br_rs
175	https://www.facebook.com/ivan.solyaev?ref=br_rs
176	https://www.facebook.com/profile.php?id=100000535888324&ref=br_rs
177	https://www.facebook.com/evgeniya.erahova?ref=br_rs
178	https://www.facebook.com/fasolka26?ref=br_rs
179	https://www.facebook.com/Roofcat.Belyaev?ref=br_rs
180	https://www.facebook.com/zamukhovskaya?ref=br_rs
181	https://www.facebook.com/anastasia.fedina?ref=br_rs
182	https://www.facebook.com/DmitryBurov.Forber?ref=br_rs
183	https://www.facebook.com/marinatells?ref=br_rs
184	https://www.facebook.com/avgustan?ref=br_rs
185	https://www.facebook.com/anastasia.kalitrina?ref=br_rs
186	https://www.facebook.com/sergey.efremov.10?ref=br_rs
187	https://www.facebook.com/anton.kavtasev?ref=br_rs
188	https://www.facebook.com/SintoRisky?ref=br_rs
189	https://www.facebook.com/chelokhsaev?ref=br_rs
190	https://www.facebook.com/anton.astafurov?ref=br_rs
191	https://www.facebook.com/bugoga?ref=br_rs
192	https://www.facebook.com/yankayanka?ref=br_rs
193	https://www.facebook.com/kir.golyshev?ref=br_rs
194	https://www.facebook.com/panzercheg?ref=br_rs
195	https://www.facebook.com/NastyaStuthebest?ref=br_rs
196	https://www.facebook.com/dina.safina?ref=br_rs
197	https://www.facebook.com/victoria.kapustina.1?ref=br_rs
198	https://www.facebook.com/tanya.gudkova.3?ref=br_rs
199	https://www.facebook.com/elena.maslova.5?ref=br_rs
200	https://www.facebook.com/ilona.akimova.79?ref=br_rs
201	https://www.facebook.com/nikita.birzhakov?ref=br_rs
202	https://www.facebook.com/profile.php?id=100004901231085&ref=br_rs
203	https://www.facebook.com/maria.miagkova.3?ref=br_rs
204	https://www.facebook.com/profile.php?id=100001117534757&ref=br_rs
205	https://www.facebook.com/profile.php?id=100001805943167&ref=br_rs
206	https://www.facebook.com/profile.php?id=100001652572986&ref=br_rs
207	https://www.facebook.com/imzlata?ref=br_rs
208	https://www.facebook.com/profile.php?id=100000427920860&ref=br_rs
209	https://www.facebook.com/profile.php?id=100001005283814&ref=br_rs
210	https://www.facebook.com/danikin2?ref=br_rs
211	https://www.facebook.com/jenja.kuznetsov?ref=br_rs
212	https://www.facebook.com/maxpestun?ref=br_rs
213	https://www.facebook.com/profile.php?id=100007394506560&ref=br_rs
214	https://www.facebook.com/profile.php?id=100009612410761&ref=br_rs
215	https://www.facebook.com/mikhail.trifonov.12?ref=br_rs
216	https://www.facebook.com/fromhellzzz?ref=br_rs
217	https://www.facebook.com/rimma.bichurina?ref=br_rs
218	https://www.facebook.com/givoynaolga?ref=br_rs
219	https://www.facebook.com/pavel.stepanov.3994?ref=br_rs
220	https://www.facebook.com/ksenya.gavrilova?ref=br_rs
221	https://www.facebook.com/timur.voloshin.3?ref=br_rs
222	https://www.facebook.com/Lessyya?ref=br_rs
223	https://www.facebook.com/comradal?ref=br_rs
224	https://www.facebook.com/rtridz?ref=br_rs
225	https://www.facebook.com/mariy.grigorieva?ref=br_rs
226	https://www.facebook.com/saparova13?ref=br_rs
227	https://www.facebook.com/natalya.nazarenko.100?ref=br_rs
228	https://www.facebook.com/kim.evgeniy?ref=br_rs
229	https://www.facebook.com/tatiana.kravets.9?ref=br_rs
230	https://www.facebook.com/satellite.ad?ref=br_rs
231	https://www.facebook.com/ksenia.galushka.1?ref=br_rs
232	https://www.facebook.com/anton.kislitsyn.7?ref=br_rs
233	https://www.facebook.com/furdomir?ref=br_rs
234	https://www.facebook.com/anton.pertov?ref=br_rs
235	https://www.facebook.com/nadezhda.egorova.140?ref=br_rs
236	https://www.facebook.com/profile.php?id=100000125634695&ref=br_rs
237	https://www.facebook.com/helen.shumkova?ref=br_rs
238	https://www.facebook.com/dmitry.starostin.3?ref=br_rs
239	https://www.facebook.com/profile.php?id=100000440739307&ref=br_rs
240	https://www.facebook.com/Maria2014Maria?ref=br_rs
241	https://www.facebook.com/profile.php?id=1392377640&ref=br_rs
242	https://www.facebook.com/sdidyk?ref=br_rs
243	https://www.facebook.com/koloskov.andrey?ref=br_rs
244	https://www.facebook.com/profile.php?id=100000060280320&ref=br_rs
245	https://www.facebook.com/andrey.maximov.332?ref=br_rs
246	https://www.facebook.com/profile.php?id=100003229754836&ref=br_rs
247	https://www.facebook.com/ekaterina.shustrova.58?ref=br_rs
248	https://www.facebook.com/profile.php?id=100003793791160&ref=br_rs
249	https://www.facebook.com/lena.linkova.7?ref=br_rs
250	https://www.facebook.com/profile.php?id=100013543454202&ref=br_rs
251	https://www.facebook.com/andrey.shvets.8?ref=br_rs
252	https://www.facebook.com/marina.arbuzova?ref=br_rs
253	https://www.facebook.com/belolipeckaya.s?ref=br_rs
254	https://www.facebook.com/profile.php?id=100001766738098&ref=br_rs
255	https://www.facebook.com/ilya.kudryashov.77?ref=br_rs
256	https://www.facebook.com/mike.zheglov?ref=br_rs
257	https://www.facebook.com/kopo.ru?ref=br_rs
258	https://www.facebook.com/koroleva.la?ref=br_rs
259	https://www.facebook.com/n.soldatov?ref=br_rs
260	https://www.facebook.com/vadim.sarvarov?ref=br_rs
261	https://www.facebook.com/nastya.utkina?ref=br_rs
262	https://www.facebook.com/osvarovskaya?ref=br_rs
263	https://www.facebook.com/djonimatius?ref=br_rs
264	https://www.facebook.com/oksana.ozernaya?ref=br_rs
265	https://www.facebook.com/mukharem.ismailov?ref=br_rs
266	https://www.facebook.com/zipper.zcd?ref=br_rs
267	https://www.facebook.com/elena.nikitina.9887?ref=br_rs
268	https://www.facebook.com/dasha.balakaeva?ref=br_rs
269	https://www.facebook.com/profile.php?id=100001997969040&ref=br_rs
270	https://www.facebook.com/manuel.prueter?ref=br_rs
271	https://www.facebook.com/juliasergeeva7?ref=br_rs
272	https://www.facebook.com/justverywell.eugenia?ref=br_rs
273	https://www.facebook.com/pavel.scherbinin?ref=br_rs
274	https://www.facebook.com/aszhukov?ref=br_rs
275	https://www.facebook.com/helen.grekova.5?ref=br_rs
276	https://www.facebook.com/sergey.ivanovsky.1?ref=br_rs
277	https://www.facebook.com/kamil.nasroullaev?ref=br_rs
278	https://www.facebook.com/pavel.terekhin.9?ref=br_rs
279	https://www.facebook.com/goncharov.arthur?ref=br_rs
280	https://www.facebook.com/nataly.stepanova?ref=br_rs
281	https://www.facebook.com/profile.php?id=100006633541506&ref=br_rs
282	https://www.facebook.com/amelkovich.nastya?ref=br_rs
283	https://www.facebook.com/mnreri?ref=br_rs
284	https://www.facebook.com/alexander.bazhan?ref=br_rs
285	https://www.facebook.com/profile.php?id=100016459328470&ref=br_rs
286	https://www.facebook.com/profile.php?id=100001084368512&ref=br_rs
287	https://www.facebook.com/profile.php?id=100012681463280&ref=br_rs
288	https://www.facebook.com/profile.php?id=100012612977691&ref=br_rs
289	https://www.facebook.com/profile.php?id=100001493605171&ref=br_rs
290	https://www.facebook.com/profile.php?id=100001553248883&ref=br_rs
291	https://www.facebook.com/marina.fearlessmoon?ref=br_rs
292	https://www.facebook.com/s.sosnin?ref=br_rs
293	https://www.facebook.com/vladislav.mikheenkov?ref=br_rs
294	https://www.facebook.com/andrew.statsenko?ref=br_rs
295	https://www.facebook.com/profile.php?id=1778794163&ref=br_rs
296	https://www.facebook.com/profile.php?id=100000253507504&ref=br_rs
297	https://www.facebook.com/profile.php?id=100012019898822&ref=br_rs
298	https://www.facebook.com/psialt?ref=br_rs
299	https://www.facebook.com/alexey.kropachev?ref=br_rs
300	https://www.facebook.com/k0t0vich?ref=br_rs
301	https://www.facebook.com/anastasia.grishina.526?ref=br_rs
302	https://www.facebook.com/brannt?ref=br_rs
303	https://www.facebook.com/polzav?ref=br_rs
304	https://www.facebook.com/profile.php?id=100012333095465&ref=br_rs
305	https://www.facebook.com/rerayne?ref=br_rs
306	https://www.facebook.com/melazyk?ref=br_rs
307	https://www.facebook.com/mary.efimova?ref=br_rs
308	https://www.facebook.com/alisa.gagarinova?ref=br_rs
309	https://www.facebook.com/4alexander.purtov?ref=br_rs
310	https://www.facebook.com/imizotikov?ref=br_rs
311	https://www.facebook.com/vladimir.zabudko?ref=br_rs
312	https://www.facebook.com/olga.curly?ref=br_rs
313	https://www.facebook.com/alexey.naumenko?ref=br_rs
314	https://www.facebook.com/alexander.popadyuk?ref=br_rs
315	https://www.facebook.com/liofx?ref=br_rs
316	https://www.facebook.com/dariaPDApopova?ref=br_rs
317	https://www.facebook.com/lika.kaprielova?ref=br_rs
318	https://www.facebook.com/juliasauza?ref=br_rs
319	https://www.facebook.com/roman.zubarev.5?ref=br_rs
320	https://www.facebook.com/profile.php?id=100001022064695&ref=br_rs
321	https://www.facebook.com/grafinya.olga?ref=br_rs
322	https://www.facebook.com/profile.php?id=100003364235659&ref=br_rs
323	https://www.facebook.com/tyaga?ref=br_rs
324	https://www.facebook.com/tatiana.yaroshetskaya?ref=br_rs
325	https://www.facebook.com/profile.php?id=100000455084004&ref=br_rs
326	https://www.facebook.com/kyd.prime?ref=br_rs
327	https://www.facebook.com/gryabov?ref=br_rs
328	https://www.facebook.com/ilya.waisman?ref=br_rs
329	https://www.facebook.com/tamuna.gigashvili?ref=br_rs
330	https://www.facebook.com/anastasia.baigusheva?ref=br_rs
331	https://www.facebook.com/profile.php?id=100000954284319&ref=br_rs
332	https://www.facebook.com/InstinctiveL?ref=br_rs
333	https://www.facebook.com/profile.php?id=100001728910757&ref=br_rs
334	https://www.facebook.com/profile.php?id=100005148005655&ref=br_rs
335	https://www.facebook.com/van.boyko?ref=br_rs
336	https://www.facebook.com/stavenskaya?ref=br_rs
337	https://www.facebook.com/max.galaganov?ref=br_rs
338	https://www.facebook.com/profile.php?id=100000488186390&ref=br_rs
339	https://www.facebook.com/profile.php?id=100010238221824&ref=br_rs
340	https://www.facebook.com/ogrhalf?ref=br_rs
341	https://www.facebook.com/elena.polusmak?ref=br_rs
342	https://www.facebook.com/alexander.gorbatyuk?ref=br_rs
343	https://www.facebook.com/kotfather?ref=br_rs
344	https://www.facebook.com/natasha.arslanova?ref=br_rs
345	https://www.facebook.com/yura.bereza.7?ref=br_rs
346	https://www.facebook.com/alekseychernyshov3?ref=br_rs
347	https://www.facebook.com/yuka.kaworu?ref=br_rs
348	https://www.facebook.com/mikhail.vatnik?ref=br_rs
349	https://www.facebook.com/gurevichae?ref=br_rs
350	https://www.facebook.com/olga.osipova.58367?ref=br_rs
351	https://www.facebook.com/koshel.polina?ref=br_rs
352	https://www.facebook.com/zheganin?ref=br_rs
353	https://www.facebook.com/leshkovich.anton?ref=br_rs
354	https://www.facebook.com/profile.php?id=100010646408961&ref=br_rs
355	https://www.facebook.com/profile.php?id=100005245540301&ref=br_rs
356	https://www.facebook.com/latrekc?ref=br_rs
357	https://www.facebook.com/tara.arda?ref=br_rs
358	https://www.facebook.com/valeriya.konina?ref=br_rs
359	https://www.facebook.com/akterpnd?ref=br_rs
360	https://www.facebook.com/dtaraev?ref=br_rs
361	https://www.facebook.com/olyachernova?ref=br_rs
362	https://www.facebook.com/rejjisser?ref=br_rs
363	https://www.facebook.com/polly.rodina?ref=br_rs
364	https://www.facebook.com/katya.agracheva?ref=br_rs
365	https://www.facebook.com/dina.sdrv?ref=br_rs
366	https://www.facebook.com/konovalovalidia?ref=br_rs
367	https://www.facebook.com/stanislav.lyubchenko?ref=br_rs
368	https://www.facebook.com/alex.moskalenko.angoolmoa?ref=br_rs
369	https://www.facebook.com/p.vydrich?ref=br_rs
370	https://www.facebook.com/leonid.rastorguev?ref=br_rs
371	https://www.facebook.com/m.zakharenkova?ref=br_rs
372	https://www.facebook.com/nikit.fedotov?ref=br_rs
373	https://www.facebook.com/zlobspb?ref=br_rs
374	https://www.facebook.com/yaroslava.ostapenko?ref=br_rs
375	https://www.facebook.com/ioganez?ref=br_rs
376	https://www.facebook.com/elena.sidyakina?ref=br_rs
377	https://www.facebook.com/anna.sukhorukova.92?ref=br_rs
378	https://www.facebook.com/annet.teplitskaya?ref=br_rs
379	https://www.facebook.com/anna.gerus.7?ref=br_rs
380	https://www.facebook.com/sandrik.emuxba?ref=br_rs
381	https://www.facebook.com/profile.php?id=100003341354465&ref=br_rs
382	https://www.facebook.com/denis.guschin.37?ref=br_rs
383	https://www.facebook.com/mchubar?ref=br_rs
384	https://www.facebook.com/profile.php?id=100012999948415&ref=br_rs
385	https://www.facebook.com/profile.php?id=100001823605211&ref=br_rs
386	https://www.facebook.com/profile.php?id=100001788095597&ref=br_rs
387	https://www.facebook.com/natalia.odintsova.94?ref=br_rs
388	https://www.facebook.com/konstantin.govorun?ref=br_rs
389	https://www.facebook.com/maria.kukleva.7?ref=br_rs
390	https://www.facebook.com/dima.fedorov.16?ref=br_rs
391	https://www.facebook.com/masha.poe?ref=br_rs
392	https://www.facebook.com/sau.box?ref=br_rs
393	https://www.facebook.com/melnikova.eva?ref=br_rs
394	https://www.facebook.com/ironhu1k?ref=br_rs
395	https://www.facebook.com/katya.makarova.31?ref=br_rs
396	https://www.facebook.com/katia.ustyugova?ref=br_rs
397	https://www.facebook.com/DmitryShkinev?ref=br_rs
398	https://www.facebook.com/elena.bulantseva?ref=br_rs
399	https://www.facebook.com/nastya.epifanova?ref=br_rs
400	https://www.facebook.com/profile.php?id=100003894320800&ref=br_rs
401	https://www.facebook.com/ilya.nikitin.391?ref=br_rs
402	https://www.facebook.com/profile.php?id=100000230050521&ref=br_rs
403	https://www.facebook.com/profile.php?id=100001459895933&ref=br_rs
404	https://www.facebook.com/olya.shokolad?ref=br_rs
405	https://www.facebook.com/ilya.eremeev.75?ref=br_rs
406	https://www.facebook.com/elenalights?ref=br_rs
407	https://www.facebook.com/vadim.balashov?ref=br_rs
408	https://www.facebook.com/lena.bryksina?ref=br_rs
409	https://www.facebook.com/profile.php?id=1415922827&ref=br_rs
410	https://www.facebook.com/anton.lavrushkin?ref=br_rs
411	https://www.facebook.com/iCorgique?ref=br_rs
412	https://www.facebook.com/dmitry.savkov?ref=br_rs
413	https://www.facebook.com/vitaliybobrov?ref=br_rs
414	https://www.facebook.com/lidia.kuznecova2?ref=br_rs
415	https://www.facebook.com/profile.php?id=100001120961154&ref=br_rs
416	https://www.facebook.com/andrey.ivvan?ref=br_rs
417	https://www.facebook.com/masha.ugrina?ref=br_rs
418	https://www.facebook.com/int02h?ref=br_rs
419	https://www.facebook.com/zyaparova?ref=br_rs
420	https://www.facebook.com/profile.php?id=100000584430981&ref=br_rs
421	https://www.facebook.com/AndrewSumin?ref=br_rs
422	https://www.facebook.com/natalia.maliutina?ref=br_rs
423	https://www.facebook.com/kitovaa?ref=br_rs
424	https://www.facebook.com/nikolay.tsys?ref=br_rs
425	https://www.facebook.com/profile.php?id=100000480751898&ref=br_rs
426	https://www.facebook.com/dolmen.kvest?ref=br_rs
427	https://www.facebook.com/profile.php?id=100000134621414&ref=br_rs
428	https://www.facebook.com/platonov.i?ref=br_rs
429	https://www.facebook.com/klagashkina?ref=br_rs
430	https://www.facebook.com/profile.php?id=100010456925837&ref=br_rs
431	https://www.facebook.com/marina.urdanova?ref=br_rs
432	https://www.facebook.com/profile.php?id=100005503185549&ref=br_rs
433	https://www.facebook.com/IvanMor?ref=br_rs
434	https://www.facebook.com/ilya1987?ref=br_rs
435	https://www.facebook.com/profile.php?id=100006988801613&ref=br_rs
436	https://www.facebook.com/profile.php?id=100001475749188&ref=br_rs
437	https://www.facebook.com/profile.php?id=100001837504744&ref=br_rs
438	https://www.facebook.com/ahmad.bugaev.3?ref=br_rs
439	https://www.facebook.com/darya.makarova.9883?ref=br_rs
440	https://www.facebook.com/profile.php?id=100001762002381&ref=br_rs
441	https://www.facebook.com/profile.php?id=100009567253478&ref=br_rs
442	https://www.facebook.com/valery.vaneev?ref=br_rs
443	https://www.facebook.com/AlexanderEpi?ref=br_rs
444	https://www.facebook.com/solodkovakristina?ref=br_rs
445	https://www.facebook.com/inga.kasyanova?ref=br_rs
446	https://www.facebook.com/maria.kopeykina?ref=br_rs
447	https://www.facebook.com/liza.kotova.3?ref=br_rs
448	https://www.facebook.com/profile.php?id=100001539350611&ref=br_rs
449	https://www.facebook.com/lutkavkin?ref=br_rs
450	https://www.facebook.com/anastasia.zinina.9?ref=br_rs
451	https://www.facebook.com/sia.xandra?ref=br_rs
452	https://www.facebook.com/alexander.prokhorov.5?ref=br_rs
453	https://www.facebook.com/evgenia.evteeva?ref=br_rs
454	https://www.facebook.com/fomin.p?ref=br_rs
455	https://www.facebook.com/alena.yakaitite?ref=br_rs
456	https://www.facebook.com/vladislav.stoyanov.96?ref=br_rs
457	https://www.facebook.com/svetlana.lebedeva?ref=br_rs
458	https://www.facebook.com/nina.kayvanova?ref=br_rs
459	https://www.facebook.com/alexislobov?ref=br_rs
460	https://www.facebook.com/profile.php?id=1734859281&ref=br_rs
461	https://www.facebook.com/profile.php?id=100001529766591&ref=br_rs
462	https://www.facebook.com/vikygervasi?ref=br_rs
463	https://www.facebook.com/alexander.bragin.908?ref=br_rs
464	https://www.facebook.com/toyokomidai?ref=br_rs
465	https://www.facebook.com/artur.yadrov?ref=br_rs
466	https://www.facebook.com/evgenia.kazakova.353?ref=br_rs
467	https://www.facebook.com/olga.khmeleva.3?ref=br_rs
468	https://www.facebook.com/profile.php?id=100001060531246&ref=br_rs
469	https://www.facebook.com/ekaterina.pechorina?ref=br_rs
470	https://www.facebook.com/pocketelephant?ref=br_rs
471	https://www.facebook.com/ivanov.evgeny?ref=br_rs
472	https://www.facebook.com/zarazum?ref=br_rs
473	https://www.facebook.com/profile.php?id=100011414796907&ref=br_rs
474	https://www.facebook.com/musicincolor?ref=br_rs
475	https://www.facebook.com/profile.php?id=100010576396312&ref=br_rs
476	https://www.facebook.com/alexander.kirichkov.7?ref=br_rs
477	https://www.facebook.com/profile.php?id=100001031015574&ref=br_rs
478	https://www.facebook.com/profile.php?id=100001773084187&ref=br_rs
479	https://www.facebook.com/alexander.mozgovoy.5?ref=br_rs
480	https://www.facebook.com/ruslan.ievstafiev?ref=br_rs
481	https://www.facebook.com/mblinovam?ref=br_rs
482	https://www.facebook.com/vladimir.gabrelyan?ref=br_rs
483	https://www.facebook.com/smiley.olya?ref=br_rs
484	https://www.facebook.com/anna.gogol.1?ref=br_rs
485	https://www.facebook.com/lattenwald?ref=br_rs
486	https://www.facebook.com/zypa4ka?ref=br_rs
487	https://www.facebook.com/profile.php?id=100008108953511&ref=br_rs
488	https://www.facebook.com/pavel.kalashnikov.1?ref=br_rs
489	https://www.facebook.com/alexxey.sa?ref=br_rs
490	https://www.facebook.com/valeriya.chebotareva.5?ref=br_rs
491	https://www.facebook.com/profile.php?id=100009180901216&ref=br_rs
492	https://www.facebook.com/artponomarenko?ref=br_rs
493	https://www.facebook.com/hiverer?ref=br_rs
494	https://www.facebook.com/trushkova.olga?ref=br_rs
495	https://www.facebook.com/evgeniy.balashov.9?ref=br_rs
496	https://www.facebook.com/sexdj?ref=br_rs
497	https://www.facebook.com/v.v.vishnevskiy?ref=br_rs
498	https://www.facebook.com/vita.chernyshevskaya?ref=br_rs
499	https://www.facebook.com/anna.kashnitskaya?ref=br_rs
500	https://www.facebook.com/sulverus?ref=br_rs
501	https://www.facebook.com/rossrus?ref=br_rs
502	https://www.facebook.com/anna.kozlova.731572?ref=br_rs
503	https://www.facebook.com/lanfirka.winterfall?ref=br_rs
504	https://www.facebook.com/mimicrodon?ref=br_rs
505	https://www.facebook.com/elenka.ushkova?ref=br_rs
506	https://www.facebook.com/yan.kansky?ref=br_rs
507	https://www.facebook.com/iolanta.tyurmina?ref=br_rs
508	https://www.facebook.com/alexander.butygin?ref=br_rs
509	https://www.facebook.com/profile.php?id=100001982084894&ref=br_rs
510	https://www.facebook.com/profile.php?id=100005241817436&ref=br_rs
511	https://www.facebook.com/yesaulovy?ref=br_rs
512	https://www.facebook.com/profile.php?id=100005958038614&ref=br_rs
513	https://www.facebook.com/profile.php?id=100009349361541&ref=br_rs
514	https://www.facebook.com/konstantin.myachin?ref=br_rs
515	https://www.facebook.com/profile.php?id=100005364996786&ref=br_rs
516	https://www.facebook.com/elena.melnikova.52?ref=br_rs
517	https://www.facebook.com/yelena.mayorova?ref=br_rs
518	https://www.facebook.com/pshenichnaya.ea?ref=br_rs
519	https://www.facebook.com/dbfedotov?ref=br_rs
520	https://www.facebook.com/timur.shagiakhmetov?ref=br_rs
521	https://www.facebook.com/dimatock?ref=br_rs
522	https://www.facebook.com/konstantin.brysin?ref=br_rs
523	https://www.facebook.com/jacek.babinski?ref=br_rs
524	https://www.facebook.com/profile.php?id=100003237717272&ref=br_rs
525	https://www.facebook.com/nafanin?ref=br_rs
526	https://www.facebook.com/neurolord?ref=br_rs
527	https://www.facebook.com/dmitry.korobkin?ref=br_rs
528	https://www.facebook.com/rmalchevsky?ref=br_rs
529	https://www.facebook.com/lebeddos?ref=br_rs
530	https://www.facebook.com/jezuzuef?ref=br_rs
531	https://www.facebook.com/olga.stepanova.33?ref=br_rs
532	https://www.facebook.com/lidia.kondratyuk?ref=br_rs
533	https://www.facebook.com/vasiliy.soshnikov?ref=br_rs
534	https://www.facebook.com/Yury.D.Ezhov?ref=br_rs
535	https://www.facebook.com/v.kaganovskiy?ref=br_rs
536	https://www.facebook.com/victoria.zorya?ref=br_rs
537	https://www.facebook.com/german.motuz?ref=br_rs
538	https://www.facebook.com/andrey.shmatlay.1?ref=br_rs
539	https://www.facebook.com/neelts?ref=br_rs
540	https://www.facebook.com/lena.chistanova?ref=br_rs
541	https://www.facebook.com/helloalexbender?ref=br_rs
542	https://www.facebook.com/profile.php?id=100002738139995&ref=br_rs
543	https://www.facebook.com/abramovtv?ref=br_rs
544	https://www.facebook.com/ababkina?ref=br_rs
545	https://www.facebook.com/foltery?ref=br_rs
546	https://www.facebook.com/nikita.karlov.7?ref=br_rs
547	https://www.facebook.com/profile.php?id=100009669481708&ref=br_rs
548	https://www.facebook.com/profile.php?id=100014254147131&ref=br_rs
549	https://www.facebook.com/roudenkoff?ref=br_rs
550	https://www.facebook.com/kasatkina.anasta?ref=br_rs
551	https://www.facebook.com/olesya.semenuyk?ref=br_rs
552	https://www.facebook.com/farhod.ibragimov.315?ref=br_rs
553	https://www.facebook.com/bogus.zaya?ref=br_rs
554	https://www.facebook.com/ilkomarov?ref=br_rs
555	https://www.facebook.com/maria.ulyanova.7?ref=br_rs
556	https://www.facebook.com/alexozen?ref=br_rs
557	https://www.facebook.com/sergey.khatenkov?ref=br_rs
558	https://www.facebook.com/profile.php?id=100004083394536&ref=br_rs
559	https://www.facebook.com/artem.radchenko.1989?ref=br_rs
560	https://www.facebook.com/oleg.dergachev83?ref=br_rs
561	https://www.facebook.com/profile.php?id=100011387081976&ref=br_rs
562	https://www.facebook.com/korniiichuk?ref=br_rs
563	https://www.facebook.com/rvasily?ref=br_rs
564	https://www.facebook.com/art.veider?ref=br_rs
565	https://www.facebook.com/maria.nagernyak?ref=br_rs
566	https://www.facebook.com/masterofdice?ref=br_rs
567	https://www.facebook.com/victoria.govorunova?ref=br_rs
568	https://www.facebook.com/maxim.hilyuk?ref=br_rs
569	https://www.facebook.com/phil.derbenev?ref=br_rs
570	https://www.facebook.com/nikita.panferov.1?ref=br_rs
571	https://www.facebook.com/Faithreaver?ref=br_rs
572	https://www.facebook.com/ineya.baranova?ref=br_rs
573	https://www.facebook.com/kseniyakash1?ref=br_rs
574	https://www.facebook.com/anna.buenafe.7?ref=br_rs
575	https://www.facebook.com/itech.chizh?ref=br_rs
576	https://www.facebook.com/rokuen?ref=br_rs
577	https://www.facebook.com/k.hindemit?ref=br_rs
578	https://www.facebook.com/kilchik?ref=br_rs
579	https://www.facebook.com/sdbnik?ref=br_rs
580	https://www.facebook.com/vinetskiy?ref=br_rs
581	https://www.facebook.com/Bozaro?ref=br_rs
582	https://www.facebook.com/anastasia.kirischuk?ref=br_rs
583	https://www.facebook.com/dmitry.pleshakov?ref=br_rs
584	https://www.facebook.com/i.v.golubeva?ref=br_rs
585	https://www.facebook.com/pashkovskiy?ref=br_rs
586	https://www.facebook.com/profile.php?id=100001782733101&ref=br_rs
587	https://www.facebook.com/ivanyurin?ref=br_rs
588	https://www.facebook.com/mitasovr?ref=br_rs
589	https://www.facebook.com/profile.php?id=100008335624746&ref=br_rs
590	https://www.facebook.com/shishkin.artyom?ref=br_rs
591	https://www.facebook.com/maxim.lisin.7?ref=br_rs
592	https://www.facebook.com/vadim.grechishkin.5?ref=br_rs
593	https://www.facebook.com/anna.zubr?ref=br_rs
594	https://www.facebook.com/profile.php?id=100001441294594&ref=br_rs
595	https://www.facebook.com/Zuravlev.Alexandr?ref=br_rs
596	https://www.facebook.com/l0k9j8?ref=br_rs
597	https://www.facebook.com/sergey.chebukin?ref=br_rs
598	https://www.facebook.com/nikolas.shulyakovskiy?ref=br_rs
599	https://www.facebook.com/gklogunov?ref=br_rs
600	https://www.facebook.com/wisors?ref=br_rs
601	https://www.facebook.com/leonid.korotkov?ref=br_rs
602	https://www.facebook.com/victoria.lebedeva.50?ref=br_rs
603	https://www.facebook.com/ilnarb?ref=br_rs
604	https://www.facebook.com/liz.remen?ref=br_rs
605	https://www.facebook.com/profile.php?id=100011255886633&ref=br_rs
606	https://www.facebook.com/profile.php?id=100005208460049&ref=br_rs
607	https://www.facebook.com/alyona.eresko?ref=br_rs
608	https://www.facebook.com/razvenskaya?ref=br_rs
609	https://www.facebook.com/matvey.elyutin?ref=br_rs
610	https://www.facebook.com/iilyafrolov?ref=br_rs
611	https://www.facebook.com/anton.chuev.1?ref=br_rs
612	https://www.facebook.com/natalia.sionova?ref=br_rs
613	https://www.facebook.com/lyahovickayaea?ref=br_rs
614	https://www.facebook.com/sergey.spiridonov.942?ref=br_rs
615	https://www.facebook.com/emelin.alexander?ref=br_rs
616	https://www.facebook.com/vichetverg?ref=br_rs
617	https://www.facebook.com/mumreg?ref=br_rs
618	https://www.facebook.com/olga.abanina.5?ref=br_rs
619	https://www.facebook.com/blustcrust?ref=br_rs
620	https://www.facebook.com/gibsnb?ref=br_rs
621	https://www.facebook.com/brotigan.july?ref=br_rs
622	https://www.facebook.com/profile.php?id=100005476569492&ref=br_rs
623	https://www.facebook.com/abykov?ref=br_rs
624	https://www.facebook.com/ekaterina.akatova.7?ref=br_rs
625	https://www.facebook.com/stanislav.sychenkov?ref=br_rs
626	https://www.facebook.com/lesya.zuykova?ref=br_rs
627	https://www.facebook.com/profile.php?id=100001220924345&ref=br_rs
628	https://www.facebook.com/daniel.lezov?ref=br_rs
629	https://www.facebook.com/r.zhilkin?ref=br_rs
630	https://www.facebook.com/lexusant?ref=br_rs
631	https://www.facebook.com/kate.skosyrskaya?ref=br_rs
632	https://www.facebook.com/iDesertus?ref=br_rs
633	https://www.facebook.com/nikalad?ref=br_rs
634	https://www.facebook.com/nstogov?ref=br_rs
635	https://www.facebook.com/yulia.kozhevnikova.587?ref=br_rs
636	https://www.facebook.com/sanches.dnepro?ref=br_rs
637	https://www.facebook.com/profile.php?id=100000202676894&ref=br_rs
638	https://www.facebook.com/profile.php?id=100001525728058&ref=br_rs
639	https://www.facebook.com/alexejhey?ref=br_rs
640	https://www.facebook.com/galin.riko?ref=br_rs
641	https://www.facebook.com/kseniia.nuzhnaia?ref=br_rs
642	https://www.facebook.com/george.akulov.7?ref=br_rs
643	https://www.facebook.com/profile.php?id=100000161131925&ref=br_rs
644	https://www.facebook.com/natalia.ukolova.9?ref=br_rs
645	https://www.facebook.com/pifagormc?ref=br_rs
646	https://www.facebook.com/vladislav.bogdanov.79?ref=br_rs
647	https://www.facebook.com/belyshevke?ref=br_rs
648	https://www.facebook.com/sergey.luchin?ref=br_rs
649	https://www.facebook.com/annieatlassova?ref=br_rs
650	https://www.facebook.com/profile.php?id=100013501629915&ref=br_rs
651	https://www.facebook.com/evgeni.ivanov.73?ref=br_rs
652	https://www.facebook.com/i.am.nastassiap?ref=br_rs
653	https://www.facebook.com/stepanenkonikita?ref=br_rs
654	https://www.facebook.com/potapower?ref=br_rs
655	https://www.facebook.com/anton.poleshchuk?ref=br_rs
656	https://www.facebook.com/elena.poleshchuk?ref=br_rs
657	https://www.facebook.com/profile.php?id=100001632795704&ref=br_rs
658	https://www.facebook.com/kolesnikovastacey?ref=br_rs
659	https://www.facebook.com/aka.alonecoder?ref=br_rs
660	https://www.facebook.com/varvara.yaffa?ref=br_rs
661	https://www.facebook.com/anton.barabanov?ref=br_rs
662	https://www.facebook.com/profile.php?id=100005144764162&ref=br_rs
663	https://www.facebook.com/alferov?ref=br_rs
664	https://www.facebook.com/punk.komynist?ref=br_rs
665	https://www.facebook.com/eugene.reshetov?ref=br_rs
666	https://www.facebook.com/e.godov?ref=br_rs
667	https://www.facebook.com/ivanboytsov.ru?ref=br_rs
668	https://www.facebook.com/zubanov.k.s?ref=br_rs
669	https://www.facebook.com/yulia.khokhryakova?ref=br_rs
670	https://www.facebook.com/asundiev?ref=br_rs
671	https://www.facebook.com/Lizerio?ref=br_rs
672	https://www.facebook.com/your.nataly?ref=br_rs
673	https://www.facebook.com/ksenia.sergeev?ref=br_rs
674	https://www.facebook.com/sergey.chunikhin?ref=br_rs
675	https://www.facebook.com/jjethroo?ref=br_rs
676	https://www.facebook.com/anton.fedchin.3?ref=br_rs
677	https://www.facebook.com/profile.php?id=100001560027183&ref=br_rs
678	https://www.facebook.com/denis.cheremisov?ref=br_rs
679	https://www.facebook.com/profile.php?id=1551549787&ref=br_rs
680	https://www.facebook.com/o.chuprakova?ref=br_rs
681	https://www.facebook.com/profile.php?id=100011547513140&ref=br_rs
682	https://www.facebook.com/elena.korshikova.9?ref=br_rs
683	https://www.facebook.com/aleksey.kholodkov?ref=br_rs
684	https://www.facebook.com/il.semakov?ref=br_rs
685	https://www.facebook.com/flammenmensch?ref=br_rs
686	https://www.facebook.com/ali.gadzhiev.5?ref=br_rs
687	https://www.facebook.com/dimaeatworld?ref=br_rs
688	https://www.facebook.com/filatova.valentina.8?ref=br_rs
689	https://www.facebook.com/yury.emelyanov?ref=br_rs
690	https://www.facebook.com/kseniya.starshinova.1?ref=br_rs
691	https://www.facebook.com/profile.php?id=100001146135661&ref=br_rs
692	https://www.facebook.com/freemandigger?ref=br_rs
693	https://www.facebook.com/katerina.galkina.3?ref=br_rs
694	https://www.facebook.com/klaymcklay?ref=br_rs
695	https://www.facebook.com/profile.php?id=100000862731560&ref=br_rs
696	https://www.facebook.com/tatiana.maryasova.1?ref=br_rs
697	https://www.facebook.com/mike.limn?ref=br_rs
698	https://www.facebook.com/nikita.korshikov.3?ref=br_rs
699	https://www.facebook.com/kate.shtompel?ref=br_rs
700	https://www.facebook.com/profile.php?id=100005266033500&ref=br_rs
701	https://www.facebook.com/yuri.mikhailov?ref=br_rs
702	https://www.facebook.com/viktoriya.koshkina?ref=br_rs
703	https://www.facebook.com/profile.php?id=100008763424159&ref=br_rs
704	https://www.facebook.com/leobounce?ref=br_rs
705	https://www.facebook.com/profile.php?id=100001519312257&ref=br_rs
706	https://www.facebook.com/profile.php?id=100000359437809&ref=br_rs
707	https://www.facebook.com/vadim.markitanov?ref=br_rs
708	https://www.facebook.com/george.ulyanov?ref=br_rs
709	https://www.facebook.com/olga.vykhodchenko?ref=br_rs
710	https://www.facebook.com/chervyakovfedor?ref=br_rs
711	https://www.facebook.com/nicolaifirst?ref=br_rs
712	https://www.facebook.com/nadezhda.degtyareva.5?ref=br_rs
713	https://www.facebook.com/profile.php?id=100000530347541&ref=br_rs
714	https://www.facebook.com/slava.yashkov?ref=br_rs
715	https://www.facebook.com/tsvetkov.al?ref=br_rs
716	https://www.facebook.com/stanislav.rynkevich?ref=br_rs
717	https://www.facebook.com/kate.shatirova?ref=br_rs
718	https://www.facebook.com/profile.php?id=100005002723696&ref=br_rs
719	https://www.facebook.com/asfodelia?ref=br_rs
720	https://www.facebook.com/v.opahin?ref=br_rs
721	https://www.facebook.com/alik.sarkisyan?ref=br_rs
722	https://www.facebook.com/vitaly.vostokov?ref=br_rs
723	https://www.facebook.com/tatiana.danilina.33?ref=br_rs
724	https://www.facebook.com/profile.php?id=100011415781614&ref=br_rs
725	https://www.facebook.com/zavyalov.andrey?ref=br_rs
726	https://www.facebook.com/donvalerianos?ref=br_rs
727	https://www.facebook.com/profile.php?id=1807398424&ref=br_rs
728	https://www.facebook.com/nostrict?ref=br_rs
729	https://www.facebook.com/samosad?ref=br_rs
730	https://www.facebook.com/ekaterina.kuznetsova.75839?ref=br_rs
731	https://www.facebook.com/troantuan?ref=br_rs
732	https://www.facebook.com/yana.sokolova.395?ref=br_rs
733	https://www.facebook.com/vadim.vologzhanin?ref=br_rs
734	https://www.facebook.com/mariabezoyan?ref=br_rs
735	https://www.facebook.com/profile.php?id=100010792427146&ref=br_rs
736	https://www.facebook.com/igor.munkin?ref=br_rs
737	https://www.facebook.com/ilya.zaslavskiy?ref=br_rs
738	https://www.facebook.com/profile.php?id=100001514986948&ref=br_rs
739	https://www.facebook.com/profile.php?id=100006310562418&ref=br_rs
740	https://www.facebook.com/linacarp?ref=br_rs
741	https://www.facebook.com/ksenia.deriglazova?ref=br_rs
742	https://www.facebook.com/kotegov.dima?ref=br_rs
743	https://www.facebook.com/mitya.maltsev?ref=br_rs
744	https://www.facebook.com/verasergeevaa?ref=br_rs
745	https://www.facebook.com/toigorek?ref=br_rs
746	https://www.facebook.com/dmitry.northerner?ref=br_rs
747	https://www.facebook.com/truetug?ref=br_rs
748	https://www.facebook.com/belitskaya.e?ref=br_rs
749	https://www.facebook.com/icqbro?ref=br_rs
750	https://www.facebook.com/rimma.bakhaeva?ref=br_rs
751	https://www.facebook.com/belyash?ref=br_rs
752	https://www.facebook.com/anastasia.vorobyova.pticavorobei?ref=br_rs
753	https://www.facebook.com/profile.php?id=100004371851319&ref=br_rs
754	https://www.facebook.com/iluhamurm?ref=br_rs
755	https://www.facebook.com/profile.php?id=100007635075433&ref=br_rs
756	https://www.facebook.com/oksana.fadejewa?ref=br_rs
757	https://www.facebook.com/anna.kochetkova.5?ref=br_rs
758	https://www.facebook.com/mikhail.romanov.12?ref=br_rs
759	https://www.facebook.com/daria.che.1?ref=br_rs
760	https://www.facebook.com/kolbaskanah?ref=br_rs
761	https://www.facebook.com/loutsker.pavel?ref=br_rs
762	https://www.facebook.com/profile.php?id=100000357092697&ref=br_rs
763	https://www.facebook.com/profile.php?id=100008251234553&ref=br_rs
764	https://www.facebook.com/ivakhov?ref=br_rs
765	https://www.facebook.com/lila.brik?ref=br_rs
766	https://www.facebook.com/gralexey?ref=br_rs
767	https://www.facebook.com/profile.php?id=100008301660310&ref=br_rs
768	https://www.facebook.com/aleksei.komarov.10?ref=br_rs
769	https://www.facebook.com/antoniya.kim?ref=br_rs
770	https://www.facebook.com/natalia.boldina.86?ref=br_rs
771	https://www.facebook.com/koptyakov?ref=br_rs
772	https://www.facebook.com/profile.php?id=100014982587094&ref=br_rs
773	https://www.facebook.com/profile.php?id=100008576977751&ref=br_rs
774	https://www.facebook.com/bozhovich?ref=br_rs
775	https://www.facebook.com/greengvil?ref=br_rs
776	https://www.facebook.com/marina.glebova.754?ref=br_rs
777	https://www.facebook.com/kseniya.yakil.7?ref=br_rs
778	https://www.facebook.com/profile.php?id=100006484909506&ref=br_rs
779	https://www.facebook.com/dmitry.ankudinov.10?ref=br_rs
780	https://www.facebook.com/mike.plekhanov?ref=br_rs
781	https://www.facebook.com/alexandra.yakuhina?ref=br_rs
782	https://www.facebook.com/nicolas.monelli?ref=br_rs
783	https://www.facebook.com/anton.stasenko?ref=br_rs
784	https://www.facebook.com/denisk2?ref=br_rs
785	https://www.facebook.com/profile.php?id=100001120305030&ref=br_rs
786	https://www.facebook.com/aleksey.kornev.716?ref=br_rs
787	https://www.facebook.com/marauder.satrapy?ref=br_rs
788	https://www.facebook.com/tetraorb?ref=br_rs
789	https://www.facebook.com/vadoomster?ref=br_rs
790	https://www.facebook.com/evgeny.kozochkin?ref=br_rs
791	https://www.facebook.com/bulldozaur?ref=br_rs
792	https://www.facebook.com/juliepages?ref=br_rs
793	https://www.facebook.com/0gnennaja?ref=br_rs
794	https://www.facebook.com/numicor?ref=br_rs
795	https://www.facebook.com/kozhanovmm?ref=br_rs
796	https://www.facebook.com/boldov.jury?ref=br_rs
797	https://www.facebook.com/profile.php?id=100000336230689&ref=br_rs
798	https://www.facebook.com/okarpina?ref=br_rs
799	https://www.facebook.com/goncharow?ref=br_rs
800	https://www.facebook.com/alexey.voropaev.14?ref=br_rs
801	https://www.facebook.com/profile.php?id=100002626282872&ref=br_rs
802	https://www.facebook.com/lactesco?ref=br_rs
803	https://www.facebook.com/julia.lindenbaum.9?ref=br_rs
804	https://www.facebook.com/roman.podpryatov?ref=br_rs
805	https://www.facebook.com/profile.php?id=100012978630457&ref=br_rs
806	https://www.facebook.com/profile.php?id=100012152465007&ref=br_rs
807	https://www.facebook.com/mihail.chubar?ref=br_rs
808	https://www.facebook.com/dina.meshkova?ref=br_rs
809	https://www.facebook.com/dmitri.dimasch?ref=br_rs
810	https://www.facebook.com/a.afonya?ref=br_rs
811	https://www.facebook.com/aszhuravel?ref=br_rs
812	https://www.facebook.com/ksu.sharapova?ref=br_rs
813	https://www.facebook.com/noone.only?ref=br_rs
814	https://www.facebook.com/tasha.dzhulabishvily?ref=br_rs
815	https://www.facebook.com/anton.khudov?ref=br_rs
816	https://www.facebook.com/sannikovdk?ref=br_rs
817	https://www.facebook.com/gobwas?ref=br_rs
818	https://www.facebook.com/irakliy.sh?ref=br_rs
819	https://www.facebook.com/saneevil?ref=br_rs
820	https://www.facebook.com/irina.dyugaeva?ref=br_rs
821	https://www.facebook.com/nastia.milash?ref=br_rs
822	https://www.facebook.com/lana.fetisova?ref=br_rs
823	https://www.facebook.com/andrey.skochok?ref=br_rs
824	https://www.facebook.com/alehander.konyahin?ref=br_rs
825	https://www.facebook.com/profile.php?id=100001912941832&ref=br_rs
826	https://www.facebook.com/aleksejkovanov?ref=br_rs
827	https://www.facebook.com/ut.blast?ref=br_rs
828	https://www.facebook.com/foxako?ref=br_rs
829	https://www.facebook.com/fessalia?ref=br_rs
830	https://www.facebook.com/profile.php?id=1045259021&ref=br_rs
831	https://www.facebook.com/yana.priestley?ref=br_rs
832	https://www.facebook.com/profile.php?id=100002141786093&ref=br_rs
833	https://www.facebook.com/vlad.bersun?ref=br_rs
834	https://www.facebook.com/anton.sahi?ref=br_rs
835	https://www.facebook.com/jim.brighthead?ref=br_rs
836	https://www.facebook.com/kozhevnikov.nikita?ref=br_rs
837	https://www.facebook.com/yana.zavadskaya.7?ref=br_rs
838	https://www.facebook.com/sophia.kvitko?ref=br_rs
839	https://www.facebook.com/tim.krasniuk?ref=br_rs
840	https://www.facebook.com/natalia.bankova?ref=br_rs
841	https://www.facebook.com/profile.php?id=100001747599427&ref=br_rs
842	https://www.facebook.com/vertokryl?ref=br_rs
843	https://www.facebook.com/michael.ukhlichev?ref=br_rs
844	https://www.facebook.com/profile.php?id=100013573207660&ref=br_rs
845	https://www.facebook.com/sergey.samoylov.167?ref=br_rs
846	https://www.facebook.com/max.melentiev?ref=br_rs
847	https://www.facebook.com/dmitry.uvarkov?ref=br_rs
848	https://www.facebook.com/alisa.sinelnikova?ref=br_rs
849	https://www.facebook.com/DmitryBezik?ref=br_rs
850	https://www.facebook.com/profile.php?id=100012271171740&ref=br_rs
851	https://www.facebook.com/profile.php?id=100001819328102&ref=br_rs
852	https://www.facebook.com/mashakukukuku?ref=br_rs
853	https://www.facebook.com/vladislav.grubov?ref=br_rs
854	https://www.facebook.com/profile.php?id=1209234036&ref=br_rs
855	https://www.facebook.com/giannis.8eodoridis?ref=br_rs
856	https://www.facebook.com/gadya.sportsmenka?ref=br_rs
857	https://www.facebook.com/profile.php?id=100011112257661&ref=br_rs
858	https://www.facebook.com/vladimir.semenyuk.31?ref=br_rs
859	https://www.facebook.com/marasew?ref=br_rs
860	https://www.facebook.com/afftar.novikov?ref=br_rs
861	https://www.facebook.com/raya.mutaeva?ref=br_rs
862	https://www.facebook.com/irina.saburtseva?ref=br_rs
863	https://www.facebook.com/p.myasnov?ref=br_rs
864	https://www.facebook.com/usachev?ref=br_rs
865	https://www.facebook.com/mytryphan?ref=br_rs
866	https://www.facebook.com/liana.sobchak?ref=br_rs
867	https://www.facebook.com/vanik.karslyan?ref=br_rs
868	https://www.facebook.com/artem.sotnikov.90?ref=br_rs
869	https://www.facebook.com/d.krutitskiy?ref=br_rs
870	https://www.facebook.com/tvoih.shagov?ref=br_rs
871	https://www.facebook.com/vyacheslav.rusakov?ref=br_rs
872	https://www.facebook.com/avgaltsev?ref=br_rs
873	https://www.facebook.com/ivan.sidorenko.94?ref=br_rs
874	https://www.facebook.com/ak0nit?ref=br_rs
875	https://www.facebook.com/profile.php?id=100001698864580&ref=br_rs
876	https://www.facebook.com/vladimir.varankin?ref=br_rs
877	https://www.facebook.com/kotikovna?ref=br_rs
878	https://www.facebook.com/Shihenina?ref=br_rs
879	https://www.facebook.com/alexandr.trubetskov?ref=br_rs
880	https://www.facebook.com/kate.zotova.9?ref=br_rs
881	https://www.facebook.com/vadimka.kom?ref=br_rs
882	https://www.facebook.com/khoxton?ref=br_rs
883	https://www.facebook.com/profile.php?id=100006214485965&ref=br_rs
884	https://www.facebook.com/kirill.voloshin1?ref=br_rs
885	https://www.facebook.com/black.lucene?ref=br_rs
886	https://www.facebook.com/profile.php?id=100003677013413&ref=br_rs
887	https://www.facebook.com/profile.php?id=100004803125769&ref=br_rs
888	https://www.facebook.com/tatyana.lebedeeva?ref=br_rs
889	https://www.facebook.com/alexandr.glushkovsky?ref=br_rs
890	https://www.facebook.com/rossomachin?ref=br_rs
891	https://www.facebook.com/iamelin1990?ref=br_rs
892	https://www.facebook.com/sergey.stupin?ref=br_rs
893	https://www.facebook.com/DeadDerTote?ref=br_rs
894	https://www.facebook.com/yulia.shutupandskate?ref=br_rs
895	https://www.facebook.com/mrytopia?ref=br_rs
896	https://www.facebook.com/eugene.grebyonkin?ref=br_rs
897	https://www.facebook.com/romadro?ref=br_rs
898	https://www.facebook.com/igor.n.tomko?ref=br_rs
899	https://www.facebook.com/profile.php?id=100000102731867&ref=br_rs
900	https://www.facebook.com/Pioneer10?ref=br_rs
901	https://www.facebook.com/staroverova?ref=br_rs
902	https://www.facebook.com/andrew.punin?ref=br_rs
903	https://www.facebook.com/iDece1ve?ref=br_rs
904	https://www.facebook.com/kate.rogushkova?ref=br_rs
905	https://www.facebook.com/maxim.pchelin.5?ref=br_rs
906	https://www.facebook.com/boilerx?ref=br_rs
907	https://www.facebook.com/profile.php?id=100004515373292&ref=br_rs
908	https://www.facebook.com/marina.stepantseva?ref=br_rs
